mes,alunos_no_novo
2019-07,5
2019-08,18
2019-09,95
2019-10,118
2019-11,245
2019-12,236
2020-01,930
2020-02,126
2020-03,86
2020-04,53
2020-05,534
2020-06,101
2020-07,124
2020-08,651
2020-09,424
2020-10,485
2020-11,481
2020-12,365
2021-01,599
2021-02,499
2021-03,399
2021-04,251
2021-05,320
2021-06,678
2021-07,959
2021-08,946
2021-09,828
2021-10,1053
2021-11,833
2021-12,647
2022-01,957
2022-02,909
2022-03,914
2022-04,989
2022-05,1234
2022-06,1353
2022-07,1253
2022-08,1222
2022-09,1036
2022-10,953
2022-11,873
2022-12,660
2023-01,1125
2023-02,783
2023-03,982
2023-04,945
2023-05,908
2023-06,756
2023-07,885
2023-08,1090
2023-09,916
2023-10,947
2023-11,891
2023-12,798
2024-01,1607
2024-02,1362
2024-03,1273
2024-04,1218
2024-05,1031
2024-06,1094
2024-07,1239
2024-08,1075
2024-09,1080
2024-10,1192
2024-11,926
2024-12,893
2025-01,1680
2025-02,1389
2025-03,1223
2025-04,1153
2025-05,1197
2025-06,979
2025-07,1447
2025-08,1253
2025-09,1092
2025-10,1078
2025-11,1018
2025-12,548
2026-01,368
2026-02,297
2026-03,389
2026-04,176
2026-05,52
2026-06,60
2026-07,43
2026-08,44
2026-09,56
